{"frames": [

{
	"filename": "bat-flying/bat-flying-1",
	"frame": {"x":645,"y":2,"w":32,"h":51},
	"rotated": false,
	"trimmed": false,
	"spriteSourceSize": {"x":0,"y":0,"w":32,"h":51},
	"sourceSize": {"w":32,"h":51},
	"pivot": {"x":0.5,"y":0.5}
},
{
	"filename": "bat-flying/bat-flying-2",
	"frame": {"x":815,"y":2,"w":32,"h":51},
	"rotated": false,
	"trimmed": false,
	"spriteSourceSize": {"x":0,"y":0,"w":32,"h":51},
	"sourceSize": {"w":32,"h":51},
	"pivot": {"x":0.5,"y":0.5}
},
{
	"filename": "bat-flying/bat-flying-3",
	"frame": {"x":781,"y":2,"w":32,"h":51},
	"rotated": false,
	"trimmed": false,
	"spriteSourceSize": {"x":0,"y":0,"w":32,"h":51},
	"sourceSize": {"w":32,"h":51},
	"pivot": {"x":0.5,"y":0.5}
},
{
	"filename": "bat-flying/bat-flying-4",
	"frame": {"x":849,"y":2,"w":32,"h":51},
	"rotated": false,
	"trimmed": false,
	"spriteSourceSize": {"x":0,"y":0,"w":32,"h":51},
	"sourceSize": {"w":32,"h":51},
	"pivot": {"x":0.5,"y":0.5}
},
{
	"filename": "bat-hang/bat-hang-1",
	"frame": {"x":747,"y":2,"w":32,"h":51},
	"rotated": false,
	"trimmed": false,
	"spriteSourceSize": {"x":0,"y":0,"w":32,"h":51},
	"sourceSize": {"w":32,"h":51},
	"pivot": {"x":0.5,"y":0.5}
},
{
	"filename": "bat-hang/bat-hang-2",
	"frame": {"x":679,"y":2,"w":32,"h":51},
	"rotated": false,
	"trimmed": false,
	"spriteSourceSize": {"x":0,"y":0,"w":32,"h":51},
	"sourceSize": {"w":32,"h":51},
	"pivot": {"x":0.5,"y":0.5}
},
{
	"filename": "bat-hang/bat-hang-3",
	"frame": {"x":713,"y":2,"w":32,"h":51},
	"rotated": false,
	"trimmed": false,
	"spriteSourceSize": {"x":0,"y":0,"w":32,"h":51},
	"sourceSize": {"w":32,"h":51},
	"pivot": {"x":0.5,"y":0.5}
},
{
	"filename": "crouch-attack/player-crouch-attack-1",
	"frame": {"x":1481,"y":2,"w":128,"h":64},
	"rotated": false,
	"trimmed": false,
	"spriteSourceSize": {"x":0,"y":0,"w":128,"h":64},
	"sourceSize": {"w":128,"h":64},
	"pivot": {"x":0.5,"y":0.5}
},
{
	"filename": "crouch-attack/player-crouch-attack-2",
	"frame": {"x":522,"y":68,"w":128,"h":64},
	"rotated": false,
	"trimmed": false,
	"spriteSourceSize": {"x":0,"y":0,"w":128,"h":64},
	"sourceSize": {"w":128,"h":64},
	"pivot": {"x":0.5,"y":0.5}
},
{
	"filename": "crouch-attack/player-crouch-attack-3",
	"frame": {"x":782,"y":68,"w":128,"h":64},
	"rotated": false,
	"trimmed": false,
	"spriteSourceSize": {"x":0,"y":0,"w":128,"h":64},
	"sourceSize": {"w":128,"h":64},
	"pivot": {"x":0.5,"y":0.5}
},
{
	"filename": "crouch-attack/player-crouch-attack-4",
	"frame": {"x":782,"y":134,"w":128,"h":64},
	"rotated": false,
	"trimmed": false,
	"spriteSourceSize": {"x":0,"y":0,"w":128,"h":64},
	"sourceSize": {"w":128,"h":64},
	"pivot": {"x":0.5,"y":0.5}
},
{
	"filename": "crouch/player-crouch-1",
	"frame": {"x":912,"y":134,"w":128,"h":64},
	"rotated": false,
	"trimmed": false,
	"spriteSourceSize": {"x":0,"y":0,"w":128,"h":64},
	"sourceSize": {"w":128,"h":64},
	"pivot": {"x":0.5,"y":0.5}
},
{
	"filename": "crouch/player-crouch-2",
	"frame": {"x":652,"y":134,"w":128,"h":64},
	"rotated": false,
	"trimmed": false,
	"spriteSourceSize": {"x":0,"y":0,"w":128,"h":64},
	"sourceSize": {"w":128,"h":64},
	"pivot": {"x":0.5,"y":0.5}
},
{
	"filename": "dizzy/player-dizzy-1",
	"frame": {"x":392,"y":134,"w":128,"h":64},
	"rotated": false,
	"trimmed": false,
	"spriteSourceSize": {"x":0,"y":0,"w":128,"h":64},
	"sourceSize": {"w":128,"h":64},
	"pivot": {"x":0.5,"y":0.5}
},
{
	"filename": "dizzy/player-dizzy-2",
	"frame": {"x":1042,"y":134,"w":128,"h":64},
	"rotated": false,
	"trimmed": false,
	"spriteSourceSize": {"x":0,"y":0,"w":128,"h":64},
	"sourceSize": {"w":128,"h":64},
	"pivot": {"x":0.5,"y":0.5}
},
{
	"filename": "dizzy/player-dizzy-3",
	"frame": {"x":1302,"y":134,"w":128,"h":64},
	"rotated": false,
	"trimmed": false,
	"spriteSourceSize": {"x":0,"y":0,"w":128,"h":64},
	"sourceSize": {"w":128,"h":64},
	"pivot": {"x":0.5,"y":0.5}
},
{
	"filename": "dizzy/player-dizzy-4",
	"frame": {"x":1562,"y":68,"w":128,"h":64},
	"rotated": false,
	"trimmed": false,
	"spriteSourceSize": {"x":0,"y":0,"w":128,"h":64},
	"sourceSize": {"w":128,"h":64},
	"pivot": {"x":0.5,"y":0.5}
},
{
	"filename": "enemy-death/enemy-death-1",
	"frame": {"x":380,"y":2,"w":27,"h":56},
	"rotated": false,
	"trimmed": false,
	"spriteSourceSize": {"x":0,"y":0,"w":27,"h":56},
	"sourceSize": {"w":27,"h":56},
	"pivot": {"x":0.5,"y":0.5}
},
{
	"filename": "enemy-death/enemy-death-2",
	"frame": {"x":409,"y":2,"w":27,"h":56},
	"rotated": false,
	"trimmed": false,
	"spriteSourceSize": {"x":0,"y":0,"w":27,"h":56},
	"sourceSize": {"w":27,"h":56},
	"pivot": {"x":0.5,"y":0.5}
},
{
	"filename": "enemy-death/enemy-death-3",
	"frame": {"x":438,"y":2,"w":27,"h":56},
	"rotated": false,
	"trimmed": false,
	"spriteSourceSize": {"x":0,"y":0,"w":27,"h":56},
	"sourceSize": {"w":27,"h":56},
	"pivot": {"x":0.5,"y":0.5}
},
{
	"filename": "enemy-death/enemy-death-4",
	"frame": {"x":496,"y":2,"w":27,"h":56},
	"rotated": false,
	"trimmed": false,
	"spriteSourceSize": {"x":0,"y":0,"w":27,"h":56},
	"sourceSize": {"w":27,"h":56},
	"pivot": {"x":0.5,"y":0.5}
},
{
	"filename": "enemy-death/enemy-death-5",
	"frame": {"x":467,"y":2,"w":27,"h":56},
	"rotated": false,
	"trimmed": false,
	"spriteSourceSize": {"x":0,"y":0,"w":27,"h":56},
	"sourceSize": {"w":27,"h":56},
	"pivot": {"x":0.5,"y":0.5}
},
{
	"filename": "fireball/fireball-1",
	"frame": {"x":615,"y":2,"w":28,"h":21},
	"rotated": false,
	"trimmed": false,
	"spriteSourceSize": {"x":0,"y":0,"w":28,"h":21},
	"sourceSize": {"w":28,"h":21},
	"pivot": {"x":0.5,"y":0.5}
},
{
	"filename": "fireball/fireball-2",
	"frame": {"x":525,"y":2,"w":28,"h":21},
	"rotated": false,
	"trimmed": false,
	"spriteSourceSize": {"x":0,"y":0,"w":28,"h":21},
	"sourceSize": {"w":28,"h":21},
	"pivot": {"x":0.5,"y":0.5}
},
{
	"filename": "fireball/fireball-3",
	"frame": {"x":555,"y":2,"w":28,"h":21},
	"rotated": false,
	"trimmed": false,
	"spriteSourceSize": {"x":0,"y":0,"w":28,"h":21},
	"sourceSize": {"w":28,"h":21},
	"pivot": {"x":0.5,"y":0.5}
},
{
	"filename": "fireball/fireball-4",
	"frame": {"x":585,"y":2,"w":28,"h":21},
	"rotated": false,
	"trimmed": false,
	"spriteSourceSize": {"x":0,"y":0,"w":28,"h":21},
	"sourceSize": {"w":28,"h":21},
	"pivot": {"x":0.5,"y":0.5}
},
{
	"filename": "hurt/player-hurt-1",
	"frame": {"x":2,"y":134,"w":128,"h":64},
	"rotated": false,
	"trimmed": false,
	"spriteSourceSize": {"x":0,"y":0,"w":128,"h":64},
	"sourceSize": {"w":128,"h":64},
	"pivot": {"x":0.5,"y":0.5}
},
{
	"filename": "hurt/player-hurt-2",
	"frame": {"x":1822,"y":68,"w":128,"h":64},
	"rotated": false,
	"trimmed": false,
	"spriteSourceSize": {"x":0,"y":0,"w":128,"h":64},
	"sourceSize": {"w":128,"h":64},
	"pivot": {"x":0.5,"y":0.5}
},
{
	"filename": "idle/player-idle-1",
	"frame": {"x":132,"y":134,"w":128,"h":64},
	"rotated": false,
	"trimmed": false,
	"spriteSourceSize": {"x":0,"y":0,"w":128,"h":64},
	"sourceSize": {"w":128,"h":64},
	"pivot": {"x":0.5,"y":0.5}
},
{
	"filename": "idle/player-idle-2",
	"frame": {"x":1692,"y":68,"w":128,"h":64},
	"rotated": false,
	"trimmed": false,
	"spriteSourceSize": {"x":0,"y":0,"w":128,"h":64},
	"sourceSize": {"w":128,"h":64},
	"pivot": {"x":0.5,"y":0.5}
},
{
	"filename": "idle/player-idle-3",
	"frame": {"x":1871,"y":2,"w":128,"h":64},
	"rotated": false,
	"trimmed": false,
	"spriteSourceSize": {"x":0,"y":0,"w":128,"h":64},
	"sourceSize": {"w":128,"h":64},
	"pivot": {"x":0.5,"y":0.5}
},
{
	"filename": "idle/player-idle-4",
	"frame": {"x":1432,"y":68,"w":128,"h":64},
	"rotated": false,
	"trimmed": false,
	"spriteSourceSize": {"x":0,"y":0,"w":128,"h":64},
	"sourceSize": {"w":128,"h":64},
	"pivot": {"x":0.5,"y":0.5}
},
{
	"filename": "item-feedback/item-feedback-1",
	"frame": {"x":110,"y":2,"w":16,"h":16},
	"rotated": false,
	"trimmed": false,
	"spriteSourceSize": {"x":0,"y":0,"w":16,"h":16},
	"sourceSize": {"w":16,"h":16},
	"pivot": {"x":0.5,"y":0.5}
},
{
	"filename": "item-feedback/item-feedback-2",
	"frame": {"x":92,"y":2,"w":16,"h":16},
	"rotated": false,
	"trimmed": false,
	"spriteSourceSize": {"x":0,"y":0,"w":16,"h":16},
	"sourceSize": {"w":16,"h":16},
	"pivot": {"x":0.5,"y":0.5}
},
{
	"filename": "item-feedback/item-feedback-3",
	"frame": {"x":128,"y":2,"w":16,"h":16},
	"rotated": false,
	"trimmed": false,
	"spriteSourceSize": {"x":0,"y":0,"w":16,"h":16},
	"sourceSize": {"w":16,"h":16},
	"pivot": {"x":0.5,"y":0.5}
},
{
	"filename": "item-feedback/item-feedback-4",
	"frame": {"x":164,"y":2,"w":16,"h":16},
	"rotated": false,
	"trimmed": false,
	"spriteSourceSize": {"x":0,"y":0,"w":16,"h":16},
	"sourceSize": {"w":16,"h":16},
	"pivot": {"x":0.5,"y":0.5}
},
{
	"filename": "item-feedback/item-feedback-5",
	"frame": {"x":146,"y":2,"w":16,"h":16},
	"rotated": false,
	"trimmed": false,
	"spriteSourceSize": {"x":0,"y":0,"w":16,"h":16},
	"sourceSize": {"w":16,"h":16},
	"pivot": {"x":0.5,"y":0.5}
},
{
	"filename": "jump-attack/player-jump-attack-1",
	"frame": {"x":1302,"y":68,"w":128,"h":64},
	"rotated": false,
	"trimmed": false,
	"spriteSourceSize": {"x":0,"y":0,"w":128,"h":64},
	"sourceSize": {"w":128,"h":64},
	"pivot": {"x":0.5,"y":0.5}
},
{
	"filename": "jump-attack/player-jump-attack-2",
	"frame": {"x":652,"y":68,"w":128,"h":64},
	"rotated": false,
	"trimmed": false,
	"spriteSourceSize": {"x":0,"y":0,"w":128,"h":64},
	"sourceSize": {"w":128,"h":64},
	"pivot": {"x":0.5,"y":0.5}
},
{
	"filename": "jump-attack/player-jump-attack-3",
	"frame": {"x":912,"y":68,"w":128,"h":64},
	"rotated": false,
	"trimmed": false,
	"spriteSourceSize": {"x":0,"y":0,"w":128,"h":64},
	"sourceSize": {"w":128,"h":64},
	"pivot": {"x":0.5,"y":0.5}
},
{
	"filename": "jump/player-jump-1",
	"frame": {"x":1172,"y":68,"w":128,"h":64},
	"rotated": false,
	"trimmed": false,
	"spriteSourceSize": {"x":0,"y":0,"w":128,"h":64},
	"sourceSize": {"w":128,"h":64},
	"pivot": {"x":0.5,"y":0.5}
},
{
	"filename": "jump/player-jump-2",
	"frame": {"x":1042,"y":68,"w":128,"h":64},
	"rotated": false,
	"trimmed": false,
	"spriteSourceSize": {"x":0,"y":0,"w":128,"h":64},
	"sourceSize": {"w":128,"h":64},
	"pivot": {"x":0.5,"y":0.5}
},
{
	"filename": "jump/player-jump-3",
	"frame": {"x":262,"y":134,"w":128,"h":64},
	"rotated": false,
	"trimmed": false,
	"spriteSourceSize": {"x":0,"y":0,"w":128,"h":64},
	"sourceSize": {"w":128,"h":64},
	"pivot": {"x":0.5,"y":0.5}
},
{
	"filename": "jump/player-jump-4",
	"frame": {"x":522,"y":134,"w":128,"h":64},
	"rotated": false,
	"trimmed": false,
	"spriteSourceSize": {"x":0,"y":0,"w":128,"h":64},
	"sourceSize": {"w":128,"h":64},
	"pivot": {"x":0.5,"y":0.5}
},
{
	"filename": "player-attack/player-attack-1",
	"frame": {"x":1172,"y":134,"w":128,"h":64},
	"rotated": false,
	"trimmed": false,
	"spriteSourceSize": {"x":0,"y":0,"w":128,"h":64},
	"sourceSize": {"w":128,"h":64},
	"pivot": {"x":0.5,"y":0.5}
},
{
	"filename": "player-attack/player-attack-2",
	"frame": {"x":1432,"y":134,"w":128,"h":64},
	"rotated": false,
	"trimmed": false,
	"spriteSourceSize": {"x":0,"y":0,"w":128,"h":64},
	"sourceSize": {"w":128,"h":64},
	"pivot": {"x":0.5,"y":0.5}
},
{
	"filename": "player-attack/player-attack-3",
	"frame": {"x":1822,"y":134,"w":128,"h":64},
	"rotated": false,
	"trimmed": false,
	"spriteSourceSize": {"x":0,"y":0,"w":128,"h":64},
	"sourceSize": {"w":128,"h":64},
	"pivot": {"x":0.5,"y":0.5}
},
{
	"filename": "player-attack/player-attack-4",
	"frame": {"x":1562,"y":134,"w":128,"h":64},
	"rotated": false,
	"trimmed": false,
	"spriteSourceSize": {"x":0,"y":0,"w":128,"h":64},
	"sourceSize": {"w":128,"h":64},
	"pivot": {"x":0.5,"y":0.5}
},
{
	"filename": "player-attack/player-attack-5",
	"frame": {"x":1692,"y":134,"w":128,"h":64},
	"rotated": false,
	"trimmed": false,
	"spriteSourceSize": {"x":0,"y":0,"w":128,"h":64},
	"sourceSize": {"w":128,"h":64},
	"pivot": {"x":0.5,"y":0.5}
},
{
	"filename": "potion-green/potion-green-1",
	"frame": {"x":182,"y":2,"w":16,"h":16},
	"rotated": false,
	"trimmed": false,
	"spriteSourceSize": {"x":0,"y":0,"w":16,"h":16},
	"sourceSize": {"w":16,"h":16},
	"pivot": {"x":0.5,"y":0.5}
},
{
	"filename": "potion-green/potion-green-2",
	"frame": {"x":74,"y":2,"w":16,"h":16},
	"rotated": false,
	"trimmed": false,
	"spriteSourceSize": {"x":0,"y":0,"w":16,"h":16},
	"sourceSize": {"w":16,"h":16},
	"pivot": {"x":0.5,"y":0.5}
},
{
	"filename": "potion-green/potion-green-3",
	"frame": {"x":20,"y":2,"w":16,"h":16},
	"rotated": false,
	"trimmed": false,
	"spriteSourceSize": {"x":0,"y":0,"w":16,"h":16},
	"sourceSize": {"w":16,"h":16},
	"pivot": {"x":0.5,"y":0.5}
},
{
	"filename": "potion-green/potion-green-4",
	"frame": {"x":56,"y":2,"w":16,"h":16},
	"rotated": false,
	"trimmed": false,
	"spriteSourceSize": {"x":0,"y":0,"w":16,"h":16},
	"sourceSize": {"w":16,"h":16},
	"pivot": {"x":0.5,"y":0.5}
},
{
	"filename": "potion-purple/potion-purple-1",
	"frame": {"x":38,"y":2,"w":16,"h":16},
	"rotated": false,
	"trimmed": false,
	"spriteSourceSize": {"x":0,"y":0,"w":16,"h":16},
	"sourceSize": {"w":16,"h":16},
	"pivot": {"x":0.5,"y":0.5}
},
{
	"filename": "potion-purple/potion-purple-2",
	"frame": {"x":2,"y":2,"w":16,"h":16},
	"rotated": false,
	"trimmed": false,
	"spriteSourceSize": {"x":0,"y":0,"w":16,"h":16},
	"sourceSize": {"w":16,"h":16},
	"pivot": {"x":0.5,"y":0.5}
},
{
	"filename": "potion-purple/potion-purple-3",
	"frame": {"x":272,"y":2,"w":16,"h":16},
	"rotated": false,
	"trimmed": false,
	"spriteSourceSize": {"x":0,"y":0,"w":16,"h":16},
	"sourceSize": {"w":16,"h":16},
	"pivot": {"x":0.5,"y":0.5}
},
{
	"filename": "potion-purple/potion-purple-4",
	"frame": {"x":290,"y":2,"w":16,"h":16},
	"rotated": false,
	"trimmed": false,
	"spriteSourceSize": {"x":0,"y":0,"w":16,"h":16},
	"sourceSize": {"w":16,"h":16},
	"pivot": {"x":0.5,"y":0.5}
},
{
	"filename": "potion-red/potion-red-1",
	"frame": {"x":308,"y":2,"w":16,"h":16},
	"rotated": false,
	"trimmed": false,
	"spriteSourceSize": {"x":0,"y":0,"w":16,"h":16},
	"sourceSize": {"w":16,"h":16},
	"pivot": {"x":0.5,"y":0.5}
},
{
	"filename": "potion-red/potion-red-2",
	"frame": {"x":326,"y":2,"w":16,"h":16},
	"rotated": false,
	"trimmed": false,
	"spriteSourceSize": {"x":0,"y":0,"w":16,"h":16},
	"sourceSize": {"w":16,"h":16},
	"pivot": {"x":0.5,"y":0.5}
},
{
	"filename": "potion-red/potion-red-3",
	"frame": {"x":362,"y":2,"w":16,"h":16},
	"rotated": false,
	"trimmed": false,
	"spriteSourceSize": {"x":0,"y":0,"w":16,"h":16},
	"sourceSize": {"w":16,"h":16},
	"pivot": {"x":0.5,"y":0.5}
},
{
	"filename": "potion-red/potion-red-4",
	"frame": {"x":344,"y":2,"w":16,"h":16},
	"rotated": false,
	"trimmed": false,
	"spriteSourceSize": {"x":0,"y":0,"w":16,"h":16},
	"sourceSize": {"w":16,"h":16},
	"pivot": {"x":0.5,"y":0.5}
},
{
	"filename": "run/player-run-1",
	"frame": {"x":1351,"y":2,"w":128,"h":64},
	"rotated": false,
	"trimmed": false,
	"spriteSourceSize": {"x":0,"y":0,"w":128,"h":64},
	"sourceSize": {"w":128,"h":64},
	"pivot": {"x":0.5,"y":0.5}
},
{
	"filename": "run/player-run-2",
	"frame": {"x":1611,"y":2,"w":128,"h":64},
	"rotated": false,
	"trimmed": false,
	"spriteSourceSize": {"x":0,"y":0,"w":128,"h":64},
	"sourceSize": {"w":128,"h":64},
	"pivot": {"x":0.5,"y":0.5}
},
{
	"filename": "run/player-run-3",
	"frame": {"x":262,"y":68,"w":128,"h":64},
	"rotated": false,
	"trimmed": false,
	"spriteSourceSize": {"x":0,"y":0,"w":128,"h":64},
	"sourceSize": {"w":128,"h":64},
	"pivot": {"x":0.5,"y":0.5}
},
{
	"filename": "run/player-run-4",
	"frame": {"x":132,"y":68,"w":128,"h":64},
	"rotated": false,
	"trimmed": false,
	"spriteSourceSize": {"x":0,"y":0,"w":128,"h":64},
	"sourceSize": {"w":128,"h":64},
	"pivot": {"x":0.5,"y":0.5}
},
{
	"filename": "run/player-run-5",
	"frame": {"x":392,"y":68,"w":128,"h":64},
	"rotated": false,
	"trimmed": false,
	"spriteSourceSize": {"x":0,"y":0,"w":128,"h":64},
	"sourceSize": {"w":128,"h":64},
	"pivot": {"x":0.5,"y":0.5}
},
{
	"filename": "run/player-run-6",
	"frame": {"x":2,"y":68,"w":128,"h":64},
	"rotated": false,
	"trimmed": false,
	"spriteSourceSize": {"x":0,"y":0,"w":128,"h":64},
	"sourceSize": {"w":128,"h":64},
	"pivot": {"x":0.5,"y":0.5}
},
{
	"filename": "run/player-run-7",
	"frame": {"x":1741,"y":2,"w":128,"h":64},
	"rotated": false,
	"trimmed": false,
	"spriteSourceSize": {"x":0,"y":0,"w":128,"h":64},
	"sourceSize": {"w":128,"h":64},
	"pivot": {"x":0.5,"y":0.5}
},
{
	"filename": "skeleton/skeleton-1",
	"frame": {"x":1101,"y":2,"w":48,"h":64},
	"rotated": false,
	"trimmed": false,
	"spriteSourceSize": {"x":0,"y":0,"w":48,"h":64},
	"sourceSize": {"w":48,"h":64},
	"pivot": {"x":0.5,"y":0.5}
},
{
	"filename": "skeleton/skeleton-2",
	"frame": {"x":1051,"y":2,"w":48,"h":64},
	"rotated": false,
	"trimmed": false,
	"spriteSourceSize": {"x":0,"y":0,"w":48,"h":64},
	"sourceSize": {"w":48,"h":64},
	"pivot": {"x":0.5,"y":0.5}
},
{
	"filename": "skeleton/skeleton-3",
	"frame": {"x":1301,"y":2,"w":48,"h":64},
	"rotated": false,
	"trimmed": false,
	"spriteSourceSize": {"x":0,"y":0,"w":48,"h":64},
	"sourceSize": {"w":48,"h":64},
	"pivot": {"x":0.5,"y":0.5}
},
{
	"filename": "skeleton/skeleton-4",
	"frame": {"x":1151,"y":2,"w":48,"h":64},
	"rotated": false,
	"trimmed": false,
	"spriteSourceSize": {"x":0,"y":0,"w":48,"h":64},
	"sourceSize": {"w":48,"h":64},
	"pivot": {"x":0.5,"y":0.5}
},
{
	"filename": "skeleton/skeleton-5",
	"frame": {"x":1251,"y":2,"w":48,"h":64},
	"rotated": false,
	"trimmed": false,
	"spriteSourceSize": {"x":0,"y":0,"w":48,"h":64},
	"sourceSize": {"w":48,"h":64},
	"pivot": {"x":0.5,"y":0.5}
},
{
	"filename": "skeleton/skeleton-6",
	"frame": {"x":1201,"y":2,"w":48,"h":64},
	"rotated": false,
	"trimmed": false,
	"spriteSourceSize": {"x":0,"y":0,"w":48,"h":64},
	"sourceSize": {"w":48,"h":64},
	"pivot": {"x":0.5,"y":0.5}
},
{
	"filename": "sorcerer/sorcerer-1",
	"frame": {"x":1009,"y":2,"w":40,"h":48},
	"rotated": false,
	"trimmed": false,
	"spriteSourceSize": {"x":0,"y":0,"w":40,"h":48},
	"sourceSize": {"w":40,"h":48},
	"pivot": {"x":0.5,"y":0.5}
},
{
	"filename": "sorcerer/sorcerer-2",
	"frame": {"x":883,"y":2,"w":40,"h":48},
	"rotated": false,
	"trimmed": false,
	"spriteSourceSize": {"x":0,"y":0,"w":40,"h":48},
	"sourceSize": {"w":40,"h":48},
	"pivot": {"x":0.5,"y":0.5}
},
{
	"filename": "sorcerer/sorcerer-3",
	"frame": {"x":925,"y":2,"w":40,"h":48},
	"rotated": false,
	"trimmed": false,
	"spriteSourceSize": {"x":0,"y":0,"w":40,"h":48},
	"sourceSize": {"w":40,"h":48},
	"pivot": {"x":0.5,"y":0.5}
},
{
	"filename": "sorcerer/sorcerer-4",
	"frame": {"x":967,"y":2,"w":40,"h":48},
	"rotated": false,
	"trimmed": false,
	"spriteSourceSize": {"x":0,"y":0,"w":40,"h":48},
	"sourceSize": {"w":40,"h":48},
	"pivot": {"x":0.5,"y":0.5}
},
{
	"filename": "torch/torch-1",
	"frame": {"x":200,"y":2,"w":16,"h":48},
	"rotated": false,
	"trimmed": false,
	"spriteSourceSize": {"x":0,"y":0,"w":16,"h":48},
	"sourceSize": {"w":16,"h":48},
	"pivot": {"x":0.5,"y":0.5}
},
{
	"filename": "torch/torch-2",
	"frame": {"x":218,"y":2,"w":16,"h":48},
	"rotated": false,
	"trimmed": false,
	"spriteSourceSize": {"x":0,"y":0,"w":16,"h":48},
	"sourceSize": {"w":16,"h":48},
	"pivot": {"x":0.5,"y":0.5}
},
{
	"filename": "torch/torch-3",
	"frame": {"x":254,"y":2,"w":16,"h":48},
	"rotated": false,
	"trimmed": false,
	"spriteSourceSize": {"x":0,"y":0,"w":16,"h":48},
	"sourceSize": {"w":16,"h":48},
	"pivot": {"x":0.5,"y":0.5}
},
{
	"filename": "torch/torch-4",
	"frame": {"x":236,"y":2,"w":16,"h":48},
	"rotated": false,
	"trimmed": false,
	"spriteSourceSize": {"x":0,"y":0,"w":16,"h":48},
	"sourceSize": {"w":16,"h":48},
	"pivot": {"x":0.5,"y":0.5}
}],
"meta": {
	"app": "http://www.codeandweb.com/texturepacker",
	"version": "1.0",
	"image": "atlas.png",
	"format": "RGBA8888",
	"size": {"w":2001,"h":200},
	"scale": "1",
	"smartupdate": "$TexturePacker:SmartUpdate:4c4db14e898a9c78826e8a1bd31e1178:6980f25d6ec23608c6210d0702705cd3:cbce6b53f0f49e0bf15173c25c41f876$"
}
}
